Team,NetResult
PBKS,211.28
DC,72.85
RR,61.33
LSG,52.86
GT,-10.799999999999997
CSK,-20.259999999999998
RCB,-30.68
KKR,-46.61
SRH,-107.6
MI,-182.33
